{
    "ActionSound": "",
    "AutoUnlock": true,
    "Cards": [
        "{\n    \"UnitsInDeck\": 3,\n    \"Card\": \"transmision\"\n}",
        "{\n    \"UnitsInDeck\": 2,\n    \"Card\": \"manasurge\"\n}",
        "{\n    \"UnitsInDeck\": 2,\n    \"Card\": \"scrollofintellect\"\n}",
        "{\n    \"UnitsInDeck\": 3,\n    \"Card\": \"chargebattery\"\n}",
        "{\n    \"UnitsInDeck\": 2,\n    \"Card\": \"anthemofhope\"\n}",
        "{\n    \"UnitsInDeck\": 2,\n    \"Card\": \"clarity\"\n}",
        "{\n    \"UnitsInDeck\": 1,\n    \"Card\": \"riftwalkervoidfuckery\"\n}"
    ],
    "ChallengePack0": "shaman",
    "ChallengePack1": "scribe",
    "ChallengePack2": "enchanter",
    "ChallengePack3": "seer",
    "ChallengePack4": "mentalist",
    "ChallengePack5": "sorcerer",
    "ChallengePack6": "saint",
    "CharacterDescription": "He fell out of a rift straight into town. Just an otherworldly friend.",
    "CharacterDescriptionStrength": "Excels at supporting his team.",
    "CharacterName": "Riffy",
    "Energy": 1,
    "EnergyTurn": 3,
    "Female": false,
    "FluffOffsetX": 0,
    "FluffOffsetY": 3.40000009536743,
    "HeroClass": "mage",
    "HeroClassSecondary": "healer",
    "HitSound": "",
    "HP": 75,
    "ID": "riftwalker",
    "Item": "riftwalkervoidquill",
    "MaxHP": [
        0,
        5,
        5,
        5
    ],
    "OrderInList": 5,
    "ResistSlashing": 10,
    "ResistBlunt": 10,
    "ResistPiercing": 10,
    "ResistFire": 10,
    "ResistCold": 10,
    "ResistLightning": 10,
    "ResistHoly": 10,
    "ResistShadow": 10,
    "ResistMind": 10,
    "Speed": 15,
    "SpriteBorderLocked": "riffySilueta",
    "StickerBase": "",
    "StickerAngry": "",
    "StickerIndifferent": "",
    "StickerLove": "",
    "StickerSurprise": "",
    "StickerOffsetX": 0.100000001490116,
    "SubclassName": "riftwalker",
    "Trait0": "riftwalkertrait0",
    "Trait1A": "riftwalkertrait1a",
    "Trait1B": "riftwalkertrait1b",
    "Trait2A": "riftwalkertrait2a",
    "Trait2B": "riftwalkertrait2b",
    "Trait3A": "riftwalkertrait3a",
    "Trait3B": "riftwalkertrait3b",
    "Trait4A": "riftwalkertrait4a",
    "Trait4B": "riftwalkertrait4b",
    "CardsSingularity": [
        "riftwalkervoidfuckery",
        "chargebattery",
        "transmision",
        "clarity",
        "delayresponse",
        "meditate",
        "scrollofintellect",
        "tomeofintellect",
        "managem",
        "replenishment",
        "clearinstructions",
        "anthemofhope",
        "manasurge",
        "librarian",
        "fortunetelling"
    ]
}